Workbook

Sheet Dashboard
A1: AML TRANSACTION MONITORING DASHBOARD
A3: KEY METRICS
A4: Total Alerts | C4: High Risk Alerts | E4: High-Risk Countries | G4: Large Transactions
A5: =COUNTA('Alerts Data'!A2:A10000) -> 383 | C5: =COUNTIF('Alerts Data'!J:J,"High") -> 214 | E5: =COUNTIF('Alerts Data'!G:G,"Iran")+COUNTIF('Alerts Data'!G:G,"Syria")+COUNTIF('Alerts Data'!G:G,"North Korea")+COUNTIF('Alerts Data'!G:G,"Afghanistan") -> 162 | G5: =COUNTIF('Alerts Data'!E:E,">40000") -> 173
A7: ALERTS BY RULE
A8: Alert Rule | B8: Count | C8: Percentage
A9: High-Risk Country | B9: =COUNTIF('Alerts Data'!I:I,"High-Risk Country") -> 106 | C9: =B9/SUM($B$9:$B$12) -> 0.2767624
A10: Large Deposit >10K | B10: =COUNTIF('Alerts Data'!I:I,"Large Deposit >10K") -> 82 | C10: =B10/SUM($B$9:$B$12) -> 0.21409922
A11: Large Transfer >5K | B11: =COUNTIF('Alerts Data'!I:I,"Large Transfer >5K") -> 87 | C11: =B11/SUM($B$9:$B$12) -> 0.22715405
A12: Very Large Amount >40K | B12: =COUNTIF('Alerts Data'!I:I,"Very Large Amount >40K") -> 108 | C12: =B12/SUM($B$9:$B$12) -> 0.28198433
E28: TOP 10 RISKY CUSTOMERS
E29: Customer ID | F29: Total Alerts | G29: High Risk | H29: Amount ($)
E30: ='Summary Data'!H3 -> 0 | F30: ='Summary Data'!I3 -> 0 | G30: ='Summary Data'!J3 -> 0 | H30: ='Summary Data'!K3 -> 0
E31: ='Summary Data'!H4 -> 0 | F31: ='Summary Data'!I4 -> 0 | G31: ='Summary Data'!J4 -> 0 | H31: ='Summary Data'!K4 -> 0
E32: ='Summary Data'!H5 -> 0 | F32: ='Summary Data'!I5 -> 0 | G32: ='Summary Data'!J5 -> 0 | H32: ='Summary Data'!K5 -> 0
E33: ='Summary Data'!H6 -> 0 | F33: ='Summary Data'!I6 -> 0 | G33: ='Summary Data'!J6 -> 0 | H33: ='Summary Data'!K6 -> 0
E34: ='Summary Data'!H7 -> 0 | F34: ='Summary Data'!I7 -> 0 | G34: ='Summary Data'!J7 -> 0 | H34: ='Summary Data'!K7 -> 0
E35: ='Summary Data'!H8 -> 0 | F35: ='Summary Data'!I8 -> 0 | G35: ='Summary Data'!J8 -> 0 | H35: ='Summary Data'!K8 -> 0
E36: ='Summary Data'!H9 -> 0 | F36: ='Summary Data'!I9 -> 0 | G36: ='Summary Data'!J9 -> 0 | H36: ='Summary Data'!K9 -> 0
E37: ='Summary Data'!H10 -> 0 | F37: ='Summary Data'!I10 -> 0 | G37: ='Summary Data'!J10 -> 0 | H37: ='Summary Data'!K10 -> 0
E38: ='Summary Data'!H11 -> 0 | F38: ='Summary Data'!I11 -> 0 | G38: ='Summary Data'!J11 -> 0 | H38: ='Summary Data'!K11 -> 0
E39: ='Summary Data'!H12 -> 0 | F39: ='Summary Data'!I12 -> 0 | G39: ='Summary Data'!J12 -> 0 | H39: ='Summary Data'!K12 -> 0

Sheet Alerts Data
A1: Alert_ID | B1: Txn_ID | C1: Customer_ID | D1: Txn_Date | E1: Amount | F1: Txn_Type | G1: Country | H1: Channel | I1: Alert_Rule | J1: Risk_Level
A2: 1 | B2: TXN000001 | C2: CUST82605 | D2: 2024-09-11 | E2: 47536.3 | F2: Transfer | G2: Afghanistan | H2: POS | I2: High-Risk Country | J2: High
A3: 2 | B3: TXN000001 | C3: CUST82605 | D3: 2024-09-11 | E3: 47536.3 | F3: Transfer | G3: Afghanistan | H3: POS | I3: Large Transfer >5K | J3: Medium
A4: 3 | B4: TXN000001 | C4: CUST82605 | D4: 2024-09-11 | E4: 47536.3 | F4: Transfer | G4: Afghanistan | H4: POS | I4: Very Large Amount >40K | J4: High
A5: 4 | B5: TXN000002 | C5: CUST82146 | D5: 2025-01-10 | E5: 12686.47 | F5: Deposit | G5: Mexico | H5: Phone Banking | I5: Large Deposit >10K | J5: Medium
A6: 5 | B6: TXN000003 | C6: CUST36086 | D6: 2024-09-08 | E6: 30187.71 | F6: Deposit | G6: Italy | H6: POS | I6: Large Deposit >10K | J6: Medium
A7: 6 | B7: TXN000004 | C7: CUST73835 | D7: 2024-03-25 | E7: 11706.48 | F7: Payment | G7: Iran | H7: ATM | I7: High-Risk Country | J7: High
A8: 7 | B8: TXN000005 | C8: CUST52812 | D8: 2024-12-09 | E8: 4408.32 | F8: Purchase | G8: North Korea | H8: Mobile App | I8: High-Risk Country | J8: High
A9: 8 | B9: TXN000008 | C9: CUST43048 | D9: 2024-11-16 | E9: 44755.42 | F9: Payment | G9: Iran | H9: Online | I9: High-Risk Country | J9: High
A10: 9 | B10: TXN000008 | C10: CUST43048 | D10: 2024-11-16 | E10: 44755.42 | F10: Payment | G10: Iran | H10: Online | I10: Very Large Amount >40K | J10: High
A11: 10 | B11: TXN000009 | C11: CUST32657 | D11: 2024-12-19 | E11: 5304.36 | F11: Transfer | G11: Mexico | H11: Branch | I11: Large Transfer >5K | J11: Medium
A12: 11 | B12: TXN000011 | C12: CUST53367 | D12: 2024-10-24 | E12: 36597.53 | F12: Payment | G12: Afghanistan | H12: ATM | I12: High-Risk Country | J12: High
A13: 12 | B13: TXN000013 | C13: CUST33655 | D13: 2024-06-15 | E13: 44612.7 | F13: Payment | G13: India | H13: POS | I13: Very Large Amount >40K | J13: High
... A384: 383 | B384: TXN000545 | C384: CUST43035 | D384: 2024-11-08 | E384: 48573.32 | F384: Deposit | G384: USA | H384: ATM | I384: Very Large Amount >40K | J384: High

Sheet Summary Data
A1: ALERTS BY COUNTRY | E1: MONTHLY SUSPICIOUS TRANSACTION TREND | H1: TOP RISKY CUSTOMERS
A2: Country | B2: Alert Count | C2: Total Amount ($) | E2: Month | F2: Alert Count | H2: Customer ID | I2: Total Alerts | J2: High Risk Alerts | K2: Total Amount ($)
A3: Afghanistan | B3: 54 | C3: 1726761.6 | E3: 2024-01 | F3: 35
A4: North Korea | B4: 38 | C4: 945704.07 | E4: 2024-02 | F4: 37
A5: Iran | B5: 35 | C5: 1188734.3 | E5: 2024-03 | F5: 38
A6: Syria | B6: 35 | C6: 832307.68 | E6: 2024-04 | F6: 31
A7: Australia | B7: 24 | C7: 922661.28 | E7: 2024-05 | F7: 26
A8: Brazil | B8: 20 | C8: 678675.85 | E8: 2024-06 | F8: 24
A9: Sweden | B9: 17 | C9: 504478.6 | E9: 2024-07 | F9: 23
A10: India | B10: 16 | C10: 521173.35 | E10: 2024-08 | F10: 22
A11: Germany | B11: 16 | C11: 605619.7 | E11: 2024-09 | F11: 34
A12: Spain | B12: 16 | C12: 574219.17 | E12: 2024-10 | F12: 19
A13: Mexico | B13: 15 | C13: 484879.3 | E13: 2024-11 | F13: 40
A14: Italy | B14: 15 | C14: 483052.44 | E14: 2024-12 | F14: 20
... A16: USA | B16: 13 | C16: 550949.31 | E16: 2025-02 | F16: 5
A17: UK | B17: 12 | C17: 482838.32
H19: CUST82605 | I19: 3 | J19: 2 | K19: 142608.9
H20: CUST25719 | I20: 3 | J20: 2 | K20: 145141.89
H21: CUST82998 | I21: 3 | J21: 2 | K21: 131652.09
H22: CUST67814 | I22: 3 | J22: 2 | K22: 135831.48
H23: CUST57784 | I23: 3 | J23: 2 | K23: 137724.81
H24: CUST93235 | I24: 3 | J24: 2 | K24: 142966.41
H25: CUST51621 | I25: 3 | J25: 2 | K25: 134652.75
H26: CUST35153 | I26: 3 | J26: 2 | K26: 125504.7
H27: CUST60088 | I27: 3 | J27: 2 | K27: 127667.19
H28: CUST37247 | I28: 3 | J28: 2 | K28: 134025.99
H29: CUST43048 | I29: 2 | J29: 2 | K29: 89510.84
H30: CUST69131 | I30: 2 | J30: 1 | K30: 39145
... H38: CUST50764 | I38: 2 | J38: 1 | K38: 62619.32

Sheet Instructions
A2: OVERVIEW
A3: This dashboard monitors suspicious transactions based on AML compliance rules.
A5: SHEETS
A6: 1. Dashboard - Main overview with KPIs, charts, and top risky customers
A7: 2. Alerts Data - Complete list of all alerts with filters (use as slicer)
A8: 3. Summary Data - Aggregated data for pivot analysis
A9: 4. Instructions - This sheet
A11: ALERT RULES
A12: • High-Risk Country - Transactions from Iran, Syria, North Korea, Afghanistan
A13: • Large Deposit >10K - Deposits exceeding $10,000
A14: • Large Transfer >5K - Transfers exceeding $5,000
A15: • Very Large Amount >40K - Any transaction over $40,000
... A27: • Large Transactions - Transactions over $40,000
